{"signal_strength": [0.1, 0.2, 0.30000000000000004, 0.4, 0.5, 0.6000000000000001, 0.7000000000000001, 0.8, 0.9], "average_counts": [0.0, 0.0, 2.0, 9.0, 6.333333333333333, 5.666666666666667, 5.666666666666667, 9.666666666666666, 7.333333333333333], "std_dev_counts": [0.0, 0.0, 2.160246899469287, 0.816496580927726, 2.6246692913372702, 4.0276819911981905, 3.39934634239519, 0.4714045207910317, 3.0912061651652345], "aggregated_top_10_positions": [[[], [], [1, 3, 6, 7, 8], [0, 1, 2, 4, 5, 6, 7, 8], [0, 1, 2, 3, 4, 5, 6, 7, 8, 9], [1, 2, 3, 4, 5, 6, 7, 8, 9], [2], [0, 1, 2, 3, 4, 5, 6, 7, 8, 9], [0, 1, 3, 4, 5, 6, 7, 8, 9]], [[], [], [9], [1, 2, 3, 4, 5, 6, 7, 8, 9], [0, 1, 4, 6, 8], [], [1, 2, 3, 4, 5, 6, 7, 8, 9], [0, 1, 2, 3, 4, 5, 6, 7, 8, 9], [4, 5, 8]], [[], [], [], [0, 1, 2, 3, 4, 5, 6, 7, 8, 9], [1, 3, 7, 8], [0, 1, 3, 4, 5, 6, 8, 9], [1, 2, 3, 4, 5, 7, 9], [0, 1, 2, 3, 4, 5, 7, 8, 9], [0, 1, 2, 3, 4, 5, 6, 7, 8, 9]]]}