{"signal_strength": [0.1, 0.2, 0.30000000000000004, 0.4, 0.5, 0.6000000000000001, 0.7000000000000001, 0.8, 0.9], "average_counts": [0.3333333333333333, 0.3333333333333333, 3.3333333333333335, 9.333333333333334, 7.333333333333333, 7.0, 8.0, 8.333333333333334, 9.666666666666666], "std_dev_counts": [0.4714045207910317, 0.4714045207910317, 2.8674417556808756, 0.4714045207910317, 3.0912061651652345, 3.559026084010437, 2.160246899469287, 1.247219128924647, 0.4714045207910317], "aggregated_top_10_positions": [[[], [], [0, 1, 2, 4, 5, 6, 8], [0, 1, 2, 3, 4, 5, 6, 7, 8, 9], [0, 1, 2, 3, 4, 5, 6, 7, 8, 9], [0, 1, 2, 3, 4, 5, 6, 7, 8, 9], [3, 5, 6, 8, 9], [1, 2, 3, 4, 5, 7, 8, 9], [0, 1, 2, 3, 4, 5, 6, 7, 8, 9]], [[], [8], [5, 6, 8], [0, 1, 2, 3, 4, 5, 7, 8, 9], [0, 1, 2, 4, 5, 6, 7, 8, 9], [4, 8], [0, 1, 2, 3, 4, 5, 6, 7, 8, 9], [2, 3, 4, 5, 6, 8, 9], [0, 1, 2, 3, 4, 5, 6, 7, 8]], [[3], [], [], [0, 1, 2, 3, 4, 6, 7, 8, 9], [1, 5, 9], [0, 1, 2, 3, 4, 5, 6, 7, 8], [0, 1, 3, 4, 5, 6, 7, 8, 9], [0, 1, 2, 3, 4, 5, 6, 7, 8, 9], [0, 1, 2, 3, 4, 5, 6, 7, 8, 9]]]}