{"signal_strength": [0.1, 0.2, 0.30000000000000004, 0.4, 0.5, 0.6000000000000001, 0.7000000000000001, 0.8, 0.9], "average_counts": [0.0, 0.6666666666666666, 3.0, 6.666666666666667, 6.666666666666667, 7.0, 7.0, 8.333333333333334, 7.333333333333333], "std_dev_counts": [0.0, 0.4714045207910317, 1.4142135623730951, 0.9428090415820634, 1.8856180831641267, 1.632993161855452, 2.449489742783178, 0.4714045207910317, 2.0548046676563256], "aggregated_top_10_positions": [[[], [], [0, 1, 3, 9], [0, 1, 2, 3, 4, 5, 6, 8], [0, 1, 2, 3, 4, 5, 6, 7], [0, 1, 3, 4, 5, 6, 7], [0, 3, 4, 8], [0, 1, 2, 3, 4, 5, 6, 8], [0, 1, 2, 3, 4, 7, 8]], [[], [8], [1, 3, 7, 8], [0, 1, 2, 3, 4, 5], [0, 1, 2, 3, 5, 6, 8, 9], [0, 1, 2, 3, 8], [0, 1, 2, 3, 4, 5, 6, 7, 8, 9], [0, 1, 2, 4, 5, 6, 7, 9], [0, 1, 2, 4, 7]], [[], [3], [3], [0, 1, 2, 3, 4, 5], [0, 1, 2, 3], [0, 1, 2, 3, 4, 5, 6, 7, 8], [0, 1, 2, 3, 5, 6, 7], [0, 1, 2, 3, 4, 5, 6, 7, 8], [0, 1, 2, 3, 4, 5, 6, 7, 8, 9]]]}