{"signal_strength": [0.1, 0.2, 0.30000000000000004, 0.4, 0.5, 0.6000000000000001, 0.7000000000000001, 0.8, 0.9], "average_counts": [1.0, 0.6666666666666666, 5.666666666666667, 9.333333333333334, 8.0, 9.0, 9.333333333333334, 10.0, 10.0], "std_dev_counts": [0.816496580927726, 0.9428090415820634, 4.0276819911981905, 0.4714045207910317, 2.8284271247461903, 1.4142135623730951, 0.4714045207910317, 0.0, 0.0], "aggregated_top_10_positions": [[[9], [3, 8], [0, 1, 2, 3, 4, 5, 6, 7, 8], [0, 1, 2, 3, 4, 5, 6, 7, 8, 9], [0, 1, 2, 3, 4, 5, 6, 7, 8, 9], [0, 1, 2, 3, 4, 5, 6, 7, 8, 9], [0, 1, 2, 3, 5, 6, 7, 8, 9], [0, 1, 2, 3, 4, 5, 6, 7, 8, 9], [0, 1, 2, 3, 4, 5, 6, 7, 8, 9]], [[], [], [0, 1, 2, 3, 4, 5, 8, 9], [0, 1, 2, 3, 4, 5, 6, 7, 9], [0, 1, 2, 3, 4, 5, 6, 7, 8, 9], [0, 2, 3, 4, 5, 7, 8], [0, 1, 2, 3, 4, 5, 6, 7, 8, 9], [0, 1, 2, 3, 4, 5, 6, 7, 8, 9], [0, 1, 2, 3, 4, 5, 6, 7, 8, 9]], [[3, 7], [], [], [0, 1, 2, 3, 4, 5, 6, 7, 8], [2, 4, 5, 6], [0, 1, 2, 3, 4, 5, 6, 7, 8, 9], [0, 1, 2, 3, 4, 5, 6, 7, 9], [0, 1, 2, 3, 4, 5, 6, 7, 8, 9], [0, 1, 2, 3, 4, 5, 6, 7, 8, 9]]]}