{"signal_strength": [0.1, 0.2, 0.30000000000000004, 0.4, 0.5, 0.6000000000000001, 0.7000000000000001, 0.8, 0.9], "average_counts": [0.0, 0.0, 2.3333333333333335, 6.666666666666667, 6.0, 7.666666666666667, 6.333333333333333, 7.666666666666667, 6.666666666666667], "std_dev_counts": [0.0, 0.0, 1.247219128924647, 1.699673171197595, 0.816496580927726, 0.4714045207910317, 2.0548046676563256, 1.699673171197595, 0.4714045207910317], "aggregated_top_10_positions": [[[], [], [0, 1, 3, 6], [0, 1, 2, 3, 6, 8], [0, 1, 2, 3, 5, 6, 7], [0, 1, 2, 3, 4, 5, 7], [0, 2, 3, 4], [0, 1, 2, 3, 4, 5, 6], [0, 1, 2, 3, 4, 6, 7]], [[], [], [4, 5], [0, 1, 2, 3, 4, 5, 6, 7, 9], [0, 1, 2, 3, 8, 9], [0, 1, 2, 3, 4, 5, 6, 9], [0, 1, 2, 3, 4, 5, 6, 7, 8], [1, 2, 3, 4, 5, 9], [0, 1, 2, 3, 7, 8, 9]], [[], [], [9], [0, 1, 2, 3, 4], [0, 2, 3, 5, 7], [0, 1, 2, 3, 4, 5, 6, 8], [0, 1, 2, 3, 4, 5], [0, 1, 2, 3, 4, 5, 6, 7, 8, 9], [0, 1, 2, 3, 4, 5]]]}