{"signal_strength": [0.1, 0.2, 0.30000000000000004, 0.4, 0.5, 0.6000000000000001, 0.7000000000000001, 0.8, 0.9], "average_counts": [0.0, 0.4, 4.0, 7.8, 8.2, 7.2, 4.6, 7.8, 6.6], "std_dev_counts": [0.0, 0.48989794855663565, 1.2649110640673518, 0.9797958971132712, 0.9797958971132713, 1.469693845669907, 1.3564659966250536, 0.9797958971132712, 1.0198039027185568], "top_10_positions": [[[], [], [], [], []], [[], [2], [0], [], []], [[0, 9], [0, 1, 2, 3, 4], [0, 1, 2, 3, 6], [0, 1, 2, 3, 6], [0, 2, 6]], [[0, 1, 2, 3, 4, 5, 6, 9], [0, 1, 2, 3, 4, 5, 6, 7], [0, 1, 2, 3, 4, 5, 6, 7, 9], [0, 1, 2, 3, 4, 5, 6, 7], [0, 1, 2, 3, 5, 7]], [[0, 1, 2, 3, 4, 5, 6, 7, 8, 9], [0, 1, 2, 3, 4, 5, 6, 7], [0, 1, 2, 3, 4, 5, 6], [0, 1, 2, 3, 4, 5, 6, 7], [0, 1, 2, 3, 4, 5, 6, 9]], [[0, 1, 2, 3, 4, 6], [0, 1, 2, 3, 4, 5, 6, 7], [0, 1, 2, 3, 4, 5, 6, 7, 9], [0, 1, 2, 3, 4, 5, 6, 9], [0, 1, 2, 3, 7]], [[0, 1, 2, 6], [0, 3, 6], [1, 2, 3, 4, 5], [0, 1, 2, 3], [0, 1, 2, 3, 4, 5, 6]], [[0, 1, 2, 3, 4, 5, 7, 8], [0, 1, 2, 3, 4, 5, 6, 7], [0, 1, 2, 3, 4, 8], [0, 1, 2, 3, 4, 5, 6, 7], [0, 1, 2, 3, 4, 5, 6, 7, 8]], [[0, 1, 2, 3, 4, 5, 8], [0, 1, 2, 3, 4, 5, 7, 9], [0, 1, 2, 3, 4, 9], [0, 1, 2, 3, 4], [0, 1, 2, 3, 4, 5, 6]]]}